twitter_Id,page_rank_value,rank
1471978,6.077065870690568E-4,1
3649752,6.387094595712182E-4,2
5707550,6.649998381043632E-4,3
4377423,6.745946813349733E-4,4
7782609,6.795914802183219E-4,5
2700960,6.804027610626725E-4,6
2259432,6.833295264935291E-4,7
8789285,6.836924298217455E-4,8
5030784,6.867644278140653E-4,9
2179327,6.96367810041954E-4,10
8472618,6.978133598685748E-4,11
3626602,6.98080786050806E-4,12
4934131,6.998059399090297E-4,13
2318767,7.03926741557113E-4,14
6485769,7.08516959576478E-4,15
9155882,7.091610252068609E-4,16
2748197,7.177167153195695E-4,17
2646495,7.255132080856212E-4,18
2957772,7.301698391065067E-4,19
6913497,7.302943884395699E-4,20
9356216,7.302961034627831E-4,21
9851907,7.360072048660812E-4,22
7653651,7.386378852951214E-4,23
6455976,7.394821231218251E-4,24
2402411,7.407877086361175E-4,25
1539066,7.441440730859678E-4,26
9425510,7.466488482095586E-4,27
8173461,7.495346639953874E-4,28
1806209,7.49613127805915E-4,29
8391901,7.498756262768603E-4,30
1096341,7.550948928970683E-4,31
2638060,7.560456803182186E-4,32
9793979,7.570333101978983E-4,33
6582030,7.596298552047032E-4,34
3437913,7.599547401000456E-4,35
1668436,7.599729977434503E-4,36
9226397,7.606995633140331E-4,37
6481461,7.609491882582296E-4,38
1529424,7.612163872128955E-4,39
5138076,7.620379995532974E-4,40
7531262,7.670391898195525E-4,41
8427404,7.681118023251236E-4,42
8454880,7.687392394798545E-4,43
4365715,7.688242311975359E-4,44
5933227,7.712919745659434E-4,45
7477966,7.72856698615702E-4,46
7859596,7.732759645336884E-4,47
3594562,7.762976817746399E-4,48
1204234,7.768471414604733E-4,49
7455096,7.789262914164255E-4,50
9954898,7.789897398517751E-4,51
2177367,7.794721217422641E-4,52
7829410,7.801593263785825E-4,53
8209969,7.803760899430411E-4,54
4243127,7.804861605546755E-4,55
5113761,7.81163088086841E-4,56
1690192,7.814324889672667E-4,57
3157116,7.818532563878056E-4,58
4022175,7.821046482100599E-4,59
1711884,7.841600404894078E-4,60
9250496,7.843154710589933E-4,61
9260027,7.857755280356068E-4,62
5687916,7.861130417869534E-4,63
6141139,7.899053911054248E-4,64
2086868,7.900148166232847E-4,65
7486138,7.900769619860754E-4,66
9961958,7.917224077122863E-4,67
3519539,7.938339997674764E-4,68
3706371,7.951328353596698E-4,69
6738802,7.961517167541581E-4,70
2294718,7.973505433936404E-4,71
1249586,7.988376356046149E-4,72
1856773,7.989027546523997E-4,73
1257418,7.98925519602798E-4,74
4458449,7.99264450788458E-4,75
5662677,8.012334804976107E-4,76
8747945,8.016401196747986E-4,77
2330413,8.021981356153359E-4,78
3655785,8.02782236290105E-4,79
2478114,8.03170112277263E-4,80
8970819,8.052192418124499E-4,81
6859927,8.053903162453777E-4,82
1650035,8.064146272852316E-4,83
7005112,8.076898148167836E-4,84
2605421,8.116906481412182E-4,85
1125626,8.120349831306011E-4,86
1464600,8.122808723863398E-4,87
4114612,8.133326135417901E-4,88
1664327,8.138307355962593E-4,89
4991076,8.144517907156782E-4,90
5803467,8.158579410802808E-4,91
7002387,8.161291828405996E-4,92
2490733,8.161314796920938E-4,93
3207274,8.165675027737638E-4,94
6544285,8.168089934427183E-4,95
4533030,8.168503660666938E-4,96
9924885,8.169045966794985E-4,97
5036621,8.170112167142209E-4,98
4026550,8.173511052513642E-4,99
8801212,8.193820397359222E-4,100
8695774,8.197379549741727E-4,101
1031472,8.2083460327139E-4,102
4166269,8.210709917916908E-4,103
7182976,8.210785547340084E-4,104
3334084,8.211800782013563E-4,105
4980723,8.214837418047372E-4,106
4752721,8.217616124155794E-4,107
6938899,8.264120996537477E-4,108
4619101,8.270160023868103E-4,109
8030177,8.276316838646025E-4,110
1734698,8.282864723999975E-4,111
2495959,8.283071600022131E-4,112
5393765,8.2867594710688E-4,113
4462901,8.29027400542774E-4,114
7172539,8.291990706467574E-4,115
9792756,8.30575323387023E-4,116
5982707,8.315288786359088E-4,117
5889874,8.367711239829387E-4,118
9954031,8.369371178827901E-4,119
6653095,8.373991841213945E-4,120
1435488,8.377684450402011E-4,121
2254306,8.379381286332978E-4,122
8264869,8.379575446660269E-4,123
5900891,8.390436712344897E-4,124
1206360,8.393563147255739E-4,125
2424197,8.413175019582621E-4,126
8121876,8.417318835146907E-4,127
9339359,8.427990537865273E-4,128
4225833,8.437870159775587E-4,129
4240354,8.439708599675266E-4,130
5534871,8.440100194958565E-4,131
6867088,8.44893548256657E-4,132
8675697,8.466304269773781E-4,133
2853821,8.470677879924883E-4,134
8546388,8.47268601664066E-4,135
4577706,8.472705428264261E-4,136
1277738,8.483835561413236E-4,137
6093926,8.489054150342285E-4,138
9619738,8.490057963396E-4,139
9389699,8.494969192126122E-4,140
7214690,8.504640692218149E-4,141
5757844,8.515638035859723E-4,142
5219610,8.517044964452091E-4,143
2188101,8.517599579652886E-4,144
4309622,8.518499222241396E-4,145
8305983,8.523663622400935E-4,146
2281919,8.525921668202949E-4,147
3739644,8.527859899462107E-4,148
3389321,8.533062735943807E-4,149
9576113,8.533434512359735E-4,150
9071309,8.54721972401014E-4,151
8026077,8.54724243739881E-4,152
8347094,8.561695785688953E-4,153
1946571,8.576084064746923E-4,154
9977695,8.576876822252335E-4,155
8999365,8.580579928684913E-4,156
4332981,8.582633699376103E-4,157
9884243,8.58723916582171E-4,158
5517566,8.590505324335088E-4,159
7295677,8.608357037511789E-4,160
3635176,8.622843698895836E-4,161
1593455,8.625143827192537E-4,162
2618842,8.627742109206674E-4,163
9850279,8.629207381241381E-4,164
3284503,8.631708856431436E-4,165
9319739,8.633917013058061E-4,166
8800771,8.64060189116195E-4,167
2338913,8.64708872475585E-4,168
9268498,8.673130141843134E-4,169
4551567,8.673667413246003E-4,170
1949139,8.677413050897742E-4,171
2133395,8.677748394468401E-4,172
2311158,8.688546669531566E-4,173
3255753,8.690827766960216E-4,174
7783673,8.693728097230397E-4,175
5366437,8.704825775200146E-4,176
4702859,8.705038909844616E-4,177
7629306,8.709573106892378E-4,178
9307703,8.716753083043826E-4,179
8842676,8.717216501496009E-4,180
5450750,8.723550082411363E-4,181
9658636,8.729749017450161E-4,182
8577240,8.734253173405386E-4,183
6401696,8.737645286044621E-4,184
6531707,8.741175772171202E-4,185
9959113,8.74526564549278E-4,186
8065643,8.750410103220249E-4,187
6984517,8.753952629236781E-4,188
4405330,8.765660551686631E-4,189
1145568,8.77508526723478E-4,190
3168424,8.785119245307563E-4,191
9133831,8.788684097244754E-4,192
6092930,8.791515808360244E-4,193
5764177,8.792519802334626E-4,194
4331528,8.794222009753242E-4,195
4667458,8.795276204535288E-4,196
2780616,8.800474188629706E-4,197
7611545,8.810125226414309E-4,198
7399709,8.81215240798095E-4,199
1542527,8.814406324023108E-4,200
5831305,8.819087470358392E-4,201
2462495,8.821629879980842E-4,202
2583840,8.823018090686757E-4,203
8594392,8.823966024360465E-4,204
1954958,8.827711262706848E-4,205
5512927,8.834377428981866E-4,206
2911116,8.839193190911525E-4,207
8005277,8.851803883472803E-4,208
2103932,8.85190322525462E-4,209
2449985,8.853880672000192E-4,210
9019663,8.858532477909555E-4,211
2534323,8.86044292325186E-4,212
4041790,8.870408350587659E-4,213
1908249,8.875293487711815E-4,214
7865295,8.877701876973997E-4,215
7151986,8.883013592054061E-4,216
5638638,8.900621829650085E-4,217
2028085,8.902475689458731E-4,218
3501083,8.904196789322172E-4,219
8898306,8.904971931606803E-4,220
3395290,8.909991207797201E-4,221
2228661,8.924620746785384E-4,222
5580594,8.925819931099747E-4,223
8240908,8.926038246179602E-4,224
8303745,8.929278240915064E-4,225
9308586,8.930744389455117E-4,226
5610834,8.937348377366518E-4,227
1412956,8.942506576259095E-4,228
6050580,8.94703036239203E-4,229
4867152,8.954344018350833E-4,230
4014033,8.957209571785185E-4,231
1471816,8.961385189194545E-4,232
1295472,8.962970730526168E-4,233
2488488,8.966149735948564E-4,234
4521583,8.968554042686884E-4,235
9631160,8.976314415224295E-4,236
7569061,8.978248252432174E-4,237
9668755,8.981349317363102E-4,238
4468489,8.985521763207343E-4,239
9232145,8.985848216654039E-4,240
1523849,8.988464117499415E-4,241
5994464,8.98903970488313E-4,242
5307896,8.99343229191319E-4,243
8574468,8.9980007605261E-4,244
4785167,9.001039120446668E-4,245
5277892,9.010332350120502E-4,246
1713509,9.01262505508167E-4,247
4737717,9.022583696103115E-4,248
3650409,9.033232906396118E-4,249
8260562,9.03494348047195E-4,250
5501493,9.035213933674812E-4,251
2355992,9.036219746120673E-4,252
8683325,9.038657197425812E-4,253
3465110,9.038708931835589E-4,254
8136920,9.038855382837021E-4,255
8120670,9.040138762311834E-4,256
8274029,9.040416846805752E-4,257
5097105,9.045091141743854E-4,258
5001050,9.045442376616969E-4,259
1376797,9.046393512056276E-4,260
4071951,9.048375336988076E-4,261
6297623,9.051076233143847E-4,262
3303709,9.056143731828717E-4,263
4712166,9.056731053885575E-4,264
5149858,9.057729577210395E-4,265
1100961,9.05966602579668E-4,266
9362659,9.064440767449591E-4,267
9249313,9.066043897550659E-4,268
1900286,9.067304222393988E-4,269
2271799,9.068404993387807E-4,270
3852445,9.073584365754392E-4,271
8025211,9.074920754984366E-4,272
8557047,9.078044688129593E-4,273
4254646,9.098308041975411E-4,274
6258893,9.098788458457684E-4,275
9391192,9.105287630608417E-4,276
8536126,9.106945159700152E-4,277
1654211,9.112909157034858E-4,278
2708170,9.123338299478845E-4,279
4314596,9.131269316409031E-4,280
8559798,9.135804216216591E-4,281
6818873,9.138743493578733E-4,282
2349296,9.149339067257578E-4,283
9824488,9.151867703516465E-4,284
3872321,9.154131811139682E-4,285
6470704,9.157453732148451E-4,286
3946265,9.159637482345651E-4,287
3955728,9.163127363021876E-4,288
1748768,9.165175096390832E-4,289
7785036,9.174884970706475E-4,290
7445905,9.177453113588295E-4,291
5721696,9.193406954313362E-4,292
9329852,9.195745371086056E-4,293
4791205,9.196662397063085E-4,294
5291286,9.200435697202215E-4,295
3819965,9.201170671517387E-4,296
2024660,9.205344544588447E-4,297
7448225,9.20562355351695E-4,298
2151655,9.207043981650784E-4,299
3788872,9.207436870249051E-4,300
5441074,9.208997364182886E-4,301
3993414,9.210253001224797E-4,302
6713961,9.223421845125202E-4,303
4020996,9.223799560550432E-4,304
9948876,9.235899791460076E-4,305
4787313,9.237957481897454E-4,306
6392869,9.240851416558476E-4,307
8500834,9.245882044448864E-4,308
4634332,9.249169744602615E-4,309
5549093,9.255283357445449E-4,310
1230800,9.257774932581699E-4,311
1198253,9.258501790357278E-4,312
4765543,9.268448046763221E-4,313
2235629,9.274413736185379E-4,314
6291447,9.275890904223799E-4,315
6330052,9.276743246737583E-4,316
8949520,9.279882018860139E-4,317
1013053,9.285353914614241E-4,318
1808205,9.28553743789422E-4,319
3911520,9.285979281008511E-4,320
1968878,9.294077151638106E-4,321
4856510,9.296221932443848E-4,322
5616520,9.3013928687422E-4,323
1903166,9.301439391546665E-4,324
6484670,9.302786865193148E-4,325
9524176,9.305803794054598E-4,326
2138546,9.312618015335425E-4,327
2579668,9.317988015669949E-4,328
4262721,9.324656721678351E-4,329
2270316,9.328948409300826E-4,330
2429623,9.333309693828004E-4,331
5431048,9.333576495124423E-4,332
7548528,9.336971911539885E-4,333
7702618,9.337161653393778E-4,334
8811228,9.340595626287792E-4,335
4332140,9.342298505106869E-4,336
7776569,9.343677617269426E-4,337
1543470,9.34398812849E-4,338
1200256,9.35385799804067E-4,339
8171728,9.354012341513912E-4,340
7666389,9.355938319964668E-4,341
8115367,9.361703474478494E-4,342
6926281,9.377441220438755E-4,343
5987584,9.383259812415486E-4,344
5578040,9.388071927857168E-4,345
1164951,9.388792306928422E-4,346
9359468,9.388899101249841E-4,347
8214069,9.389912824445557E-4,348
9393490,9.395127539230553E-4,349
8336678,9.396448554321143E-4,350
4342779,9.398395799305768E-4,351
6336138,9.402760886103106E-4,352
7389202,9.408158547691665E-4,353
5713945,9.412317966787168E-4,354
2191716,9.413008791158516E-4,355
5108895,9.414906308746431E-4,356
8842349,9.418565257529576E-4,357
7561996,9.420953935398937E-4,358
3103646,9.427748590562088E-4,359
6160296,9.427890696745197E-4,360
7215998,9.429481931299114E-4,361
4356557,9.434825802446826E-4,362
2226365,9.436598146314156E-4,363
7062571,9.440478656729388E-4,364
2194403,9.442855016022296E-4,365
2849326,9.446997274125149E-4,366
1959298,9.450385575883961E-4,367
1223708,9.452631717948554E-4,368
8608118,9.454785999654956E-4,369
4033434,9.45579115740361E-4,370
5215477,9.460269580809343E-4,371
1360975,9.46128686847431E-4,372
2798624,9.465117068080869E-4,373
7606227,9.475223281469638E-4,374
8731072,9.478612445404434E-4,375
6503549,9.491419585307589E-4,376
5181409,9.492733112264696E-4,377
9646615,9.498503289020356E-4,378
1419667,9.505426416234503E-4,379
8807883,9.506175693301366E-4,380
9898336,9.51236057216394E-4,381
6006131,9.513537478064799E-4,382
9108685,9.516927781085316E-4,383
7437055,9.523278351305021E-4,384
5624320,9.523296769936297E-4,385
5291567,9.523453294675871E-4,386
5710777,9.526293798057566E-4,387
3992751,9.533924709150634E-4,388
4085169,9.536625454968715E-4,389
9529310,9.540107286120135E-4,390
7784039,9.542853514421374E-4,391
5839080,9.543272658492698E-4,392
8603333,9.546370581194846E-4,393
7630082,9.554612151411381E-4,394
6270769,9.560121618791072E-4,395
7160757,9.561335643200345E-4,396
9589659,9.565984233002883E-4,397
9160983,9.566000993437127E-4,398
7421658,9.567052009336218E-4,399
6025834,9.569046880171722E-4,400
3460240,9.582422145784015E-4,401
5193971,9.58587478501214E-4,402
6999705,9.586738139933064E-4,403
1214590,9.589305670499344E-4,404
9381439,9.591161071660155E-4,405
6948944,9.591522999740496E-4,406
5648088,9.592758031654595E-4,407
6519502,9.593886047773986E-4,408
6297279,9.601528700159396E-4,409
5869892,9.611019308772043E-4,410
3806497,9.618206590717205E-4,411
2067767,9.622217407222193E-4,412
3931492,9.631353318369924E-4,413
1800980,9.632946332236431E-4,414
6133123,9.635259516202977E-4,415
8631236,9.637758711847831E-4,416
1191032,9.638597473555578E-4,417
4444938,9.639566501927192E-4,418
3050362,9.646014657245492E-4,419
2206861,9.646233920079948E-4,420
8706877,9.661982743483917E-4,421
9157004,9.663338383280839E-4,422
5669387,9.667167654354103E-4,423
3745102,9.678275791629704E-4,424
6793918,9.69199991139938E-4,425
5884458,9.699384733750166E-4,426
8482758,9.699446515204969E-4,427
3520226,9.699799595600313E-4,428
5967501,9.700621088030155E-4,429
6258689,9.701110362882793E-4,430
1304908,9.702406847924633E-4,431
3979049,9.711052744969377E-4,432
3623771,9.711894003392023E-4,433
8806655,9.71616024584355E-4,434
5060674,9.717417153183543E-4,435
2581251,9.72119199391099E-4,436
2069327,9.727931458847634E-4,437
1878879,9.730550025855175E-4,438
6606989,9.735522329293176E-4,439
9630779,9.736577248345266E-4,440
3607703,9.740961584754743E-4,441
2467904,9.744815016975296E-4,442
3812540,9.746084189036419E-4,443
9039834,9.747235047511504E-4,444
4993292,9.747285499065591E-4,445
6262325,9.74851867140703E-4,446
2354727,9.75188504431227E-4,447
7286864,9.752349598776808E-4,448
4969411,9.752681706719338E-4,449
3541689,9.76088523075674E-4,450
8615607,9.76781700302757E-4,451
3236372,9.774293427749117E-4,452
6897406,9.778974515927982E-4,453
9993899,9.779176817630625E-4,454
3849732,9.779555094201811E-4,455
4512132,9.78183961360603E-4,456
5050380,9.78942187050244E-4,457
3680192,9.78978370030753E-4,458
5323200,9.796121975234864E-4,459
8773843,9.798106789796416E-4,460
2092414,9.804729101548378E-4,461
1552638,9.811019857693525E-4,462
7467817,9.816536083013016E-4,463
2884024,9.820278331322354E-4,464
6208381,9.822136761266944E-4,465
6089276,9.824295698655512E-4,466
9268542,9.826484344959833E-4,467
7720650,9.831963019883596E-4,468
3679125,9.833225608211998E-4,469
9345908,9.833609722846178E-4,470
7583431,9.846713933420797E-4,471
9162797,9.84671424349092E-4,472
6168795,9.857145212549877E-4,473
3190386,9.864685913331997E-4,474
4169632,9.864808291493142E-4,475
4777330,9.867923813423444E-4,476
4904083,9.869711145058329E-4,477
7787405,9.870056149585246E-4,478
2721973,9.870941131611512E-4,479
9973644,9.878075119457831E-4,480
2981271,9.884621267650742E-4,481
4785690,9.885690552944425E-4,482
3433020,9.889480025573475E-4,483
1912605,9.891066745820278E-4,484
6564684,9.902295495957296E-4,485
2607821,9.905707723418663E-4,486
3837333,9.90625134002864E-4,487
8123847,9.91037932405174E-4,488
7387533,9.910413700899329E-4,489
3768768,9.913771513764445E-4,490
4996985,9.91644073855135E-4,491
6048163,9.923644500064693E-4,492
2996251,9.925650103743626E-4,493
2884540,9.92716951560684E-4,494
5608603,9.930347863055602E-4,495
5695477,9.931689599847978E-4,496
7514065,9.934711702836048E-4,497
8249830,9.942965678625298E-4,498
4497929,9.944967809470651E-4,499
9471892,9.946036241914005E-4,500
2299585,9.94619882466259E-4,501
7881907,9.950407471178888E-4,502
6647437,9.952786555752539E-4,503
8081975,9.954330872715407E-4,504
9898135,9.954570590019732E-4,505
6457145,9.958632726778892E-4,506
1114313,9.960379816963492E-4,507
6312376,9.963146568685113E-4,508
5644295,9.96901466418458E-4,509
9350347,9.970572493781327E-4,510
4972411,9.970727231634947E-4,511
6473756,9.979424581454065E-4,512
4624979,9.979480300867799E-4,513
4344257,9.98133264566273E-4,514
5800483,9.994438401251552E-4,515
7133475,9.99463383417451E-4,516
1765471,0.0010005695384289433,517
9491306,0.0010006497752219387,518
9504776,0.0010007622298268861,519
8053964,0.0010008854849600215,520
1747103,0.001000970378118154,521
7240409,0.0010011299508235875,522
9502016,0.0010012911633542978,523
4798500,0.001001590106528067,524
3088432,0.0010018366546720035,525
3885581,0.0010022154959261104,526
9214966,0.001003001989847933,527
2900641,0.0010040037500591004,528
5064162,0.0010043770895135984,529
5608923,0.001005705444396395,530
5682172,0.0010063526995879636,531
7346228,0.0010064411075278122,532
9349105,0.0010067119614453406,533
8226316,0.0010067990130070018,534
3598716,0.0010087321024105388,535
8890695,0.0010091384718489602,536
3003470,0.0010095489271303507,537
9615290,0.0010098342944032737,538
8884694,0.0010099075829009866,539
2078730,0.0010104413594024635,540
1530100,0.0010105075767368838,541
2505702,0.001010531310592524,542
5798274,0.001010662169100344,543
4830527,0.0010108331148014787,544
6011930,0.0010110291385916638,545
8247721,0.0010111798552559482,546
3915945,0.0010116658393315187,547
4631942,0.001011909021023858,548
5942216,0.0010120017821644478,549
7001439,0.0010127582401366362,550
2485350,0.0010128223641010937,551
6511901,0.0010133220260219488,552
9990462,0.001013886015148757,553
2196843,0.0010139910437790484,554
4875833,0.0010140182995766057,555
2555946,0.0010141468559422817,556
1264380,0.0010145269125301185,557
3400164,0.0010148681140618153,558
8343284,0.001015018076978845,559
3767985,0.0010157397915233125,560
1951713,0.001016330145368989,561
9786416,0.0010171122844259807,562
5788551,0.0010181716797681092,563
9933976,0.0010182361559294417,564
2498144,0.0010188806970289318,565
6202626,0.0010192752675291022,566
7301660,0.0010197622859169963,567
3829287,0.0010200334081468048,568
8041884,0.0010202353190150067,569
4988424,0.0010206676535351122,570
6018398,0.001020823248711624,571
8955158,0.0010211905040341232,572
4704353,0.0010218490450661982,573
6168870,0.0010220809022098484,574
6003887,0.0010224784812220612,575
2172949,0.001023105693148371,576
4541645,0.0010236122049485886,577
6061065,0.0010251172281679616,578
9684912,0.0010255461576277327,579
3271391,0.0010260815210987682,580
9791391,0.0010262153989681667,581
6907126,0.001027001948285339,582
2440678,0.0010273648696010257,583
3796775,0.0010274971480622012,584
9380243,0.0010282065019480535,585
4075033,0.0010285792871991648,586
3456477,0.0010295409200742833,587
8649319,0.0010296282020167285,588
1670563,0.001029652994419398,589
6002785,0.0010301817138641514,590
6544744,0.0010304482141230435,591
8607210,0.0010306651364751615,592
1862317,0.0010307616375642772,593
4409815,0.001030785841227483,594
7823740,0.0010308060761157068,595
9996677,0.0010311645966599222,596
6133470,0.0010312891466936153,597
6041470,0.0010316847748941488,598
5261969,0.0010324338089482508,599
1852443,0.0010329341997722572,600
4520037,0.0010334338177429507,601
9958887,0.0010334738486716389,602
9800229,0.001033952376689943,603
8617716,0.0010345897854136406,604
1522037,0.0010348330739739558,605
5961547,0.001035623127087319,606
7102584,0.0010360740902637358,607
1230026,0.0010365538075319278,608
6462471,0.0010366684166143165,609
4862018,0.0010378898805569687,610
6563158,0.001038021244319863,611
4607546,0.0010380803279717878,612
5277929,0.0010382144362286105,613
3904450,0.0010382577800287025,614
1838069,0.00103829992359326,615
2093539,0.0010392885865543736,616
1485682,0.001039757431839436,617
5573804,0.0010398770618962035,618
5810246,0.0010406811260379948,619
2907901,0.0010408936942708934,620
7246166,0.0010417262259834826,621
7972585,0.0010419510101098157,622
9051726,0.0010420581944315035,623
4401298,0.0010421007037890236,624
5205293,0.0010421677272263688,625
2070297,0.0010422600110189563,626
8102042,0.0010427450469404004,627
8560031,0.0010429194212936506,628
7704047,0.0010430887050961034,629
6400410,0.0010445331406053928,630
4662563,0.0010451604422966412,631
8817501,0.0010452622763730255,632
6935558,0.001045618258657913,633
2994121,0.0010456761290236522,634
6257901,0.0010460505004277762,635
4479582,0.0010462058820916828,636
1141635,0.0010463531668150595,637
8694996,0.0010470556317971,638
7796009,0.0010482924808453396,639
6665671,0.001048571905400096,640
7742128,0.0010488066574500911,641
3037863,0.001048904930906513,642
9483168,0.001049288743935121,643
3124595,0.0010495387248965818,644
2020667,0.0010496193013223092,645
7233511,0.001049975429868038,646
3423181,0.0010501785000054363,647
8960224,0.0010506090540447382,648
5279557,0.001050728594161859,649
5713169,0.0010511139654391067,650
1631846,0.001051251066242386,651
6079083,0.0010516805411492068,652
2905023,0.0010524244195825123,653
8343109,0.0010525825479985621,654
9619413,0.001053579994780299,655
3905289,0.0010537439863836156,656
7201500,0.0010542112452780943,657
3251816,0.0010543988259835667,658
8499924,0.0010544026024047546,659
2232208,0.0010546505733895523,660
6933283,0.0010546954776344362,661
3916192,0.0010553451750020724,662
2502806,0.0010553865939934752,663
5021170,0.0010558482395978362,664
1897656,0.001056548944288792,665
5228167,0.0010571650777614426,666
6375949,0.00105728401822508,667
4755213,0.001057572252092967,668
9505655,0.0010577305750462652,669
8449197,0.0010581988644060602,670
7624891,0.0010584898516045927,671
7162304,0.001058659087664649,672
7557526,0.0010601787001467626,673
2622780,0.0010607836789190337,674
2368239,0.0010608249938902923,675
6399085,0.0010609933526388394,676
7720015,0.0010611034800622435,677
2207941,0.0010612210131720106,678
7622388,0.0010619109524191356,679
1654605,0.0010621880590615412,680
2914313,0.0010622599619620108,681
5302077,0.0010622843356039046,682
6116915,0.001062526434881555,683
5719555,0.0010628101176581393,684
7235930,0.001063587042559443,685
3933687,0.0010637175135229868,686
7499556,0.0010638602120265084,687
8946252,0.0010645696190606656,688
9887587,0.00106459555939029,689
3129390,0.001065347031421518,690
7347062,0.001065932369370155,691
3766883,0.0010662763056313734,692
5036867,0.0010666431524570905,693
7929004,0.0010667904777956142,694
3927309,0.0010667922785380212,695
5203617,0.0010672150103306504,696
5109073,0.0010676768301631828,697
8954876,0.0010680556437015932,698
7913620,0.00107026054420365,699
6641172,0.0010717196138902774,700
6253047,0.0010721584761915744,701
7347705,0.0010722012312413165,702
9686705,0.0010724758459350477,703
2244686,0.0010732186596828978,704
2941789,0.001073247344611122,705
6427598,0.00107347088433273,706
9712875,0.0010742657555056114,707
8155042,0.0010746026905592914,708
5187763,0.0010747601745983405,709
8066972,0.001076017183621885,710
9444608,0.0010762721338439263,711
1960854,0.0010769023286462175,712
8576622,0.0010769445504230325,713
6112777,0.0010777208205791744,714
8213143,0.0010777687734282798,715
4864059,0.001077783181549037,716
2486698,0.0010784533549985896,717
4338809,0.0010796999933699461,718
9783483,0.0010800114468902575,719
4673320,0.001080402504637336,720
2216442,0.0010812626427654877,721
9629002,0.001081388355146554,722
9614915,0.001081520130920487,723
5633795,0.0010821479466145572,724
8757177,0.0010826404402661239,725
6416156,0.0010834172713120463,726
7236963,0.0010835741788208662,727
8634468,0.0010837866475803062,728
4116928,0.0010838365641929186,729
4017584,0.0010846315949979918,730
5808585,0.0010847495235982618,731
1469522,0.001085161543101987,732
5583813,0.0010851693463074714,733
4965869,0.0010852988371069393,734
6219586,0.0010857044342378922,735
8519848,0.0010860898776236941,736
9988072,0.0010864168561462919,737
6211017,0.001086450597586252,738
9062451,0.0010869687910992467,739
3650871,0.0010870112111310596,740
4285299,0.001087454487682827,741
7275050,0.0010878441952477727,742
3699864,0.0010889306326002397,743
4902149,0.0010890630832603976,744
4320423,0.001089737505410685,745
6063847,0.0010899514378111853,746
7439381,0.0010910732686107783,747
4783218,0.0010916013176402583,748
9679861,0.0010916884832287786,749
6895631,0.001092063780419349,750
8029324,0.0010923071130054076,751
5726354,0.001092679931361556,752
5116343,0.001093043804633733,753
6606856,0.001093073869090386,754
2647490,0.0010934853489289824,755
3792793,0.0010937415680041503,756
2508352,0.0010944471997643775,757
5096513,0.0010960217545599243,758
4941784,0.0010961066727302221,759
2998677,0.0010964265520177138,760
4734083,0.001097010341118895,761
6720833,0.0010981026718313118,762
8253091,0.0010983709289594447,763
5452253,0.00109841115580836,764
6522138,0.001098654960469481,765
2819872,0.0010988206640339135,766
8770548,0.0010989410355669773,767
5371609,0.001099391952615286,768
1866549,0.0010996292082459413,769
3211087,0.001099791592126375,770
4844628,0.0011004698893985652,771
4681220,0.0011007537492337416,772
9615391,0.0011008013423843778,773
2392377,0.0011013682645721514,774
1534617,0.0011039928707308648,775
8048471,0.0011050734300017268,776
7652950,0.0011050761218914244,777
8641179,0.0011050937249094995,778
7805853,0.001105138126305875,779
4728636,0.001105252895391482,780
9433193,0.0011067220462309256,781
3718947,0.001107100484702659,782
4996279,0.0011074724567368935,783
1205675,0.001107913527781593,784
6171082,0.001109191454219006,785
1910476,0.0011092840874415946,786
1643020,0.001110167495070295,787
4690966,0.0011102862092680587,788
1268009,0.0011112886633036735,789
1975015,0.0011114123593925745,790
4252216,0.0011119674288003138,791
4900333,0.0011120365744305121,792
9695532,0.001112191755758112,793
6114227,0.001112999320704021,794
2590656,0.0011130204667737884,795
6954653,0.0011131392840790484,796
4526818,0.0011140443178350014,797
3269811,0.0011141500489175937,798
9748360,0.0011141590175218156,799
1686173,0.0011148272941443296,800
7841321,0.0011150092507713468,801
5471972,0.0011152651548352324,802
9376801,0.001116939641615569,803
9643552,0.0011174780982555206,804
7420087,0.0011178380095975785,805
7724903,0.0011184839023553712,806
6556248,0.0011186921273971236,807
9231441,0.0011193466274805257,808
1538197,0.0011195210803224287,809
1044701,0.0011197954239984083,810
2121489,0.0011198070709352197,811
7879647,0.0011199544089146277,812
7373357,0.0011211788998356338,813
7287341,0.0011226838466462548,814
7058026,0.001122950500435926,815
5434915,0.0011233794080036175,816
9997670,0.0011237726400862003,817
2540632,0.0011239029171691982,818
6090617,0.001123938687154779,819
7972887,0.0011259687395917088,820
4963491,0.0011262244043957338,821
4674951,0.0011268203377460281,822
2441846,0.0011271916638693476,823
1171100,0.0011280985243199817,824
5772300,0.0011293633407251514,825
2444443,0.0011293732428491155,826
4540632,0.0011296682637353614,827
3270304,0.0011308866414367848,828
5296275,0.0011316174569502926,829
8870437,0.0011336019171640538,830
4785830,0.001133668123191221,831
3519813,0.0011343008773750678,832
3791090,0.0011343898008465399,833
4722315,0.0011358366282679948,834
4828318,0.001136134300534383,835
1430677,0.0011368430498889964,836
2255815,0.0011374393536349354,837
1998302,0.0011377268337682208,838
3849220,0.0011377908146538395,839
1338461,0.0011380784332125258,840
5451066,0.001138109430274323,841
2212453,0.0011384956818388376,842
3884221,0.0011387028945259387,843
6134284,0.0011410440698917204,844
5494855,0.001141115665073919,845
3730353,0.0011413129522544908,846
8922765,0.0011413562945166798,847
8638065,0.0011426703553226942,848
1102230,0.0011430400971588885,849
2783728,0.0011436803686451817,850
3330023,0.0011448433580649718,851
7920138,0.001145445016110871,852
7236059,0.0011468952281244197,853
3792712,0.0011476780421000535,854
3627756,0.001147988956876821,855
5502593,0.0011489992752134629,856
2545193,0.0011500124962005975,857
5679868,0.0011507145392953486,858
3057069,0.0011507823595687133,859
3934548,0.0011514517642288752,860
8227681,0.0011515003677534503,861
3847178,0.0011533903168238525,862
1471291,0.001153649836881789,863
3420742,0.001155375894192617,864
4967585,0.0011555961774207043,865
8463688,0.0011560072084036473,866
9666021,0.0011570945600705032,867
1966123,0.001157364737766851,868
3156671,0.0011575825276718646,869
4223547,0.0011589123049596008,870
8157884,0.0011599798656945876,871
6688936,0.0011602243069218467,872
5460871,0.0011603999289269491,873
7458332,0.0011616913660612183,874
7733539,0.0011618204520319902,875
1014185,0.0011632938901600918,876
7014425,0.0011642588956535208,877
9125944,0.0011646759757322671,878
1372670,0.0011651816737195825,879
9661327,0.0011685989837852881,880
2525307,0.0011689836935600756,881
6881749,0.0011692190073291718,882
9713714,0.0011695161849401003,883
9243752,0.0011714990618590829,884
4539218,0.0011721236980273603,885
1137858,0.0011732365630073083,886
3127135,0.0011733746256736763,887
9648297,0.0011736347671688799,888
9760543,0.0011752412896937805,889
1800584,0.0011761176022763637,890
4548301,0.0011764978879120404,891
1343761,0.001178914902616414,892
7365254,0.0011790034738202312,893
5393928,0.001181178233088121,894
7930276,0.0011821567903284459,895
5926903,0.0011829538149253462,896
8330671,0.0011843232973899043,897
7352378,0.0011846245213339298,898
8834911,0.0011851996049295603,899
2439243,0.0011856240284420928,900
9787655,0.0011866716282825996,901
7191392,0.0011869321453868494,902
2718719,0.0011869552803012338,903
6778167,0.0011892408764353905,904
4354892,0.0011893263524685438,905
6889940,0.0011898821158858287,906
9669877,0.001192236547671045,907
7886891,0.0011922970296722934,908
3156654,0.0011924132537134084,909
6547632,0.001192653609976308,910
1678406,0.0011935193047689944,911
5682801,0.001194938931402331,912
3379270,0.0011971994010480976,913
2281071,0.0011991798497454772,914
8108899,0.0011993402757891221,915
9939084,0.0011997973153293194,916
5651776,0.0012007034462554553,917
2137743,0.0012011700082877582,918
4223489,0.0012018858403542903,919
9754744,0.001205655439112247,920
2858139,0.0012061748409474932,921
9024649,0.0012075805823773941,922
5799643,0.00120797652998421,923
8308911,0.0012083645534231753,924
7629047,0.0012091594597239033,925
6077171,0.001209634016094748,926
3743062,0.0012098243043717502,927
6090294,0.0012101644044894089,928
8062394,0.0012103447029671228,929
8853821,0.0012115246571942693,930
2543850,0.0012116238928956843,931
6286293,0.0012129231171754777,932
3471402,0.0012133167178810717,933
9177388,0.0012148116504847291,934
7894895,0.0012159219215142208,935
6067861,0.0012197819291289444,936
9355215,0.0012203496414850217,937
4132909,0.001221327100584863,938
8981506,0.0012220406984732057,939
5714784,0.0012271991685853711,940
5957181,0.001227246276914739,941
5597352,0.0012274322917907108,942
1078281,0.001227637415617334,943
3846504,0.0012283617287310968,944
3813962,0.0012310242703538162,945
4760741,0.0012317807161847855,946
9862027,0.0012323780166366308,947
8274565,0.0012381386943695683,948
3510259,0.0012387936108726335,949
4251555,0.0012391068150418268,950
3029653,0.001239795627351002,951
6002448,0.001241215429833925,952
7268066,0.0012422148102950708,953
6864734,0.0012423573970508001,954
9475386,0.0012426673538544703,955
5407405,0.001248192177507569,956
3923821,0.0012482079644823994,957
7491131,0.0012485773251630582,958
9455194,0.001248791435955353,959
2084979,0.001252731266969026,960
2034784,0.0012547959147578937,961
3160089,0.0012571304329045295,962
1947343,0.001258225626210718,963
8785492,0.0012620141242109194,964
6377466,0.0012651480242863102,965
5584813,0.0012660598330065825,966
3055119,0.0012681551389081287,967
9075132,0.0012682600499109792,968
6710791,0.0012685910275278423,969
4199159,0.001270016828742245,970
9200066,0.001271448150941133,971
2764991,0.0012746410925739587,972
2779826,0.0012751372358358918,973
8404089,0.0012787058007622553,974
4542782,0.001281386532349307,975
1028033,0.0012857434683419238,976
5279943,0.0012889174080670124,977
4503678,0.0012898272327550044,978
4211278,0.001296805353855921,979
7347615,0.001310964699026172,980
1376532,0.0013119524000685986,981
3295005,0.0013127982729477928,982
4315065,0.0013129452039860985,983
3928086,0.0013135983713024194,984
3461033,0.0013167582996383342,985
4903243,0.0013213971528593955,986
1996055,0.0013215003384390495,987
3743867,0.0013254973686110036,988
1479782,0.0013384406928581283,989
5786606,0.0013413557293689327,990
9981042,0.0013428637962081592,991
9627030,0.001344370225680745,992
7072723,0.0013588263979430525,993
8185185,0.001361081245627893,994
5617442,0.001373009519411568,995
6679294,0.0013927916852133028,996
1440927,0.0014056676394700576,997
7640758,0.0014068335745366415,998
8088754,0.0014134864244603061,999
1362089,0.0014452960397496252,1000
